INSERT INTO Admin VALUES (101, 'Smith','00000001','P@ssWord');
INSERT INTO Admin VALUES (102, 'James','00000002','P@ssWord');
INSERT INTO Admin VALUES (103, 'John','00000003','P@ssWord');
INSERT INTO Admin VALUES (104, 'Mary','00000004','P@ssWord');
INSERT INTO Admin VALUES (105, 'Linda','00000005','P@ssWord');
INSERT INTO Admin VALUES (106, 'Sarah','00000006','P@ssWord');
INSERT INTO Admin VALUES (107, 'Nancy','00000007','P@ssWord');

INSERT INTO Account VALUES ('00000001','P@ssWord');
INSERT INTO Account VALUES ('00000002','P@ssWord');
INSERT INTO Account VALUES ('00000003','P@ssWord');
INSERT INTO Account VALUES ('00000004','P@ssWord');
INSERT INTO Account VALUES ('00000005','P@ssWord');
INSERT INTO Account VALUES ('00000006','P@ssWord');
INSERT INTO Account VALUES ('00000007','P@ssWord');
-- TODO: update semster ID, advisorID if necessary
INSERT INTO Students VALUES (100001, 'Joseph','10000001','P@ssWord',3.45, "2021", 201);
INSERT INTO Students VALUES (100002, 'Thomas','10000002','P@ssWord',3.10,"2021", 201);
INSERT INTO Students VALUES (100003, 'Charles','10000003','P@ssWord', 3.30,"2021", 202);
INSERT INTO Students VALUES (100004, 'Jessica','10000004','P@ssWord', 3.90,"2021", 202);
INSERT INTO Students VALUES (100005, 'Susan','10000005','P@ssWord', 3.25,"2021", 203);
INSERT INTO Students VALUES (100006, 'Barbara','10000006','P@ssWord',3.10,"2021", 204);
INSERT INTO Students VALUES (100007, 'Elizabeth','10000007','P@ssWord', 3.80,"2021", 205);
INSERT INTO Students VALUES (100008, 'Daniel','10000008','P@ssWord',3.45, "2021", 205);
INSERT INTO Students VALUES (100009, 'Matthew','10000009','P@ssWord',3.10,"2021", 205);
INSERT INTO Students VALUES (100010, 'Anthony','10000010','P@ssWord', 3.30,"2021", 206);
INSERT INTO Students VALUES (100011, 'Karen','10000011','P@ssWord', 3.90,"2021", 207);
INSERT INTO Students VALUES (100012, 'Mark','100000012','P@ssWord', 3.25,"2021", 207);
INSERT INTO Students VALUES (100013, 'Betty','10000013','P@ssWord',3.10,"2021", 208);
INSERT INTO Students VALUES (100014, 'Margaret','10000014','P@ssWord', 3.80,"2021", 208);

INSERT INTO Instructors VALUES (301, 'Lee','30000001','P@ssWord',501);
INSERT INTO Instructors VALUES (302, 'Steven','30000002','P@ssWord',501);
INSERT INTO Instructors VALUES (303, 'Paul','30000003','P@ssWord',501);
INSERT INTO Instructors VALUES (304, 'Kimberly','30000004','P@ssWord',502);
INSERT INTO Instructors VALUES (305, 'Emily','30000005','P@ssWord',502);
INSERT INTO Instructors VALUES (306, 'Donna','30000006','P@ssWord',503);
INSERT INTO Instructors VALUES (307, 'Carol','30000007','P@ssWord',503);


INSERT INTO InstructorCourse VALUES ('30000001',5001);
INSERT INTO InstructorCourse VALUES ('30000002',5002);
INSERT INTO InstructorCourse VALUES ('30000003',5003);
INSERT INTO InstructorCourse VALUES ('30000004',5004);
INSERT INTO InstructorCourse VALUES ('30000005',5005);
INSERT INTO InstructorCourse VALUES ('30000006',5006);
INSERT INTO InstructorCourse VALUES ('30000007',5007);